<?xml version="1.0" encoding="ISO-8859-1"?>
<book xmlns="http://www.qizx.com/namespace/Tutorial">
  <title>Tschai</title>
  <author>Jack Vance</author>
  <publicationDate>MCMLXVIII</publicationDate>
  <editions>
    <edition>
      <ISBN>0971237514</ISBN>
      <publisher>Oakland</publisher>
      <language>English</language>
      <year>2005</year>
    </edition>
    <edition>
      <ISBN>0879974613</ISBN>
      <publisher>DAW</publisher>
      <language>English</language>
      <year>1979</year>
    </edition>
  </editions>
</book>
