<?xml version="1.0" encoding="UTF-8"?>
<!DOCTYPE Configure PUBLIC "-//Jetty//Configure//EN" 
                    "http://www.eclipse.org/jetty/configure.dtd">
<!-- DO NOT EDIT THIS FILE BY HAND! -->
<Configure id="Server" class="org.eclipse.jetty.server.Server">

  <Call name="addConnector">
    <Arg>
      <New class="org.eclipse.jetty.server.ssl.SslSelectChannelConnector">
	<Set name="port">8443</Set>
	<Set name="maxIdleTime">30000</Set>
        <Set name="acceptors">2</Set>
        <Set name="acceptQueueSize">100</Set>
	<Set name="keystore"><Property name="jetty.home" default="."/>/etc/keystore</Set>
	<Set name="keystoreType">JKS</Set>
	<Set name="password">changeit</Set>
	<Set name="keyPassword">changeit</Set>
      </New>
    </Arg>
  </Call>

</Configure>
