<?xml version="1.0" encoding="UTF-8"?>
<!DOCTYPE Configure PUBLIC "-//Jetty//Configure//EN" 
                    "http://www.eclipse.org/jetty/configure.dtd">
<!-- DO NOT EDIT THIS FILE BY HAND! -->
<Configure id="Server" class="org.eclipse.jetty.server.Server">

  <Call name="addConnector">
    <Arg>
        <New class="org.eclipse.jetty.server.nio.SelectChannelConnector">
          <Set name="host"><Property name="jetty.host" /></Set>
          <Set name="port">18080</Set>
          <Set name="maxIdleTime">300000</Set>
          <Set name="acceptors">2</Set>
          <Set name="statsOn">false</Set>
          <Set name="confidentialPort">8443</Set>
          <Set name="lowResourcesConnections">20000</Set>
          <Set name="lowResourcesMaxIdleTime">5000</Set>
        </New>
    </Arg>
  </Call>

</Configure>
